-- phpMyAdmin SQL Dump
-- version 4.9.2
-- https://www.phpmyadmin.net/
--
-- Host: 127.0.0.1:3306
-- Generation Time: Jun 29, 2020 at 05:24 AM
-- Server version: 10.4.10-MariaDB
-- PHP Version: 7.3.12

SET SQL_MODE = "NO_AUTO_VALUE_ON_ZERO";
SET AUTOCOMMIT = 0;
START TRANSACTION;
SET time_zone = "+00:00";


/*!40101 SET @OLD_CHARACTER_SET_CLIENT=@@CHARACTER_SET_CLIENT */;
/*!40101 SET @OLD_CHARACTER_SET_RESULTS=@@CHARACTER_SET_RESULTS */;
/*!40101 SET @OLD_COLLATION_CONNECTION=@@COLLATION_CONNECTION */;
/*!40101 SET NAMES utf8mb4 */;

--
-- Database: `globalshiksha`
--

-- --------------------------------------------------------

--
-- Table structure for table `company`
--

DROP TABLE IF EXISTS `company`;
CREATE TABLE IF NOT EXISTS `company` (
  `id` int(11) NOT NULL AUTO_INCREMENT,
  `name` varchar(250) DEFAULT NULL,
  `cin` varchar(100) DEFAULT NULL,
  `email` varchar(100) DEFAULT NULL,
  `address` varchar(250) DEFAULT NULL,
  `created_at` datetime DEFAULT NULL,
  `updated_at` timestamp NULL DEFAULT NULL,
  PRIMARY KEY (`id`),
  UNIQUE KEY `id_UNIQUE` (`id`)
) ENGINE=InnoDB AUTO_INCREMENT=137 DEFAULT CHARSET=utf8;

--
-- Dumping data for table `company`
--

INSERT INTO `company` (`id`, `name`, `cin`, `email`, `address`, `created_at`, `updated_at`) VALUES
(4, 'MARDIA FARMS LIMITED', 'L01100MH1992PLC068417', ' ', ' MARDIA HOUSE96 C P TANK ROAD MUMBAI MH 400004 IN , Mumbai Maharashtra, INDIA', '2020-06-28 15:30:37', '2020-06-28 10:00:37'),
(5, 'EURO AGRO (INDIA) LIMITED', 'L01100MH1995PLC092424', ' ', ' RAM BAUG MOTI FARMSUNDANI ROAD VILLAGE FAGNE DHULE MH 424301 IN , Dhule Maharashtra, INDIA', '2020-06-28 15:57:34', '2020-06-28 10:27:34'),
(6, 'KACHCHH PLANTATIONS LIMITED', 'L01100MH1996PLC098836', ' ', ' 41, SWETA APARTMENTS, DEVIDAS LANE, BORIVALI (WEST), MUMBAI MH 400103 IN , Borivali West Maharashtra, INDIA', '2020-06-28 15:58:16', '2020-06-28 10:28:16'),
(7, 'USHER AGRO LIMITED', 'L01100MH1996PLC100380', ' cs.mumbai@usheragro.com', ' 212, LAXMI PLAZA, LAXMI INDUSTRIAL ESTATE, NEW LINK ROAD, ANDHERI (WEST) MUMBAI Mumbai City MH 400053 IN , Mumbai Maharashtra, INDIA', '2020-06-28 15:58:17', '2020-06-28 10:28:17'),
(8, 'NOHA MARKETING (INDIA) LIMITED', 'L01100MH1998PLC117343', ' ', ' JAI BAJRANG HSG. SOCIETY, PARK SITE VIKHROLI, POWAI ROAD VIKHROLI (WEST), MUMBAI MH 400079 IN , Na Maharashtra, INDIA', '2020-06-28 15:58:18', '2020-06-28 10:28:18'),
(9, 'MAHADHAN PI-GO FARMS LIMITED', 'L01100MH1999PLC118142', ' ', ' PRATIBHA NAGAR NEAR GOYANKA NAGAR, MURTIZAPUR, DIST. AKOLA, AKOLA MH 000000 IN , Maharashtra, INDIA', '2020-06-28 15:58:19', '2020-06-28 10:28:19'),
(10, 'MUMBAI GARDEN LIMITED', 'L01100MH2004PLC149502', ' ', ' FLAT NO 1 B WING BANDANACO-OP HSG SOC ST FRANCIS RD AMAR SUBWAY VILE PARLE (W) MUMBAI MH 400056 IN , Mumbai Maharashtra, INDIA', '2020-06-28 15:58:20', '2020-06-28 10:28:20'),
(11, 'AMRAWORLD AGRICO LIMITED', 'L01110GJ1991PLC015846', ' amraworldagrico@gmail.com', ' 24, LAXMI CHAMBERS, NAVJEEVAN PRESS ROAD, OPP. OLD GUJARAT HIGH COURT, AHMEDABAD GJ 380014 IN , Ahmadabad City Gujarat, INDIA', '2020-06-28 15:58:21', '2020-06-28 10:28:21'),
(12, 'TRANS TECHNO FOODS LIMITED', 'L01110GJ1994PLC021066', ' anish_shahcs@yahoo.com', ' B-2 SARITA DARSHAN OPP JAIHIND PRESS ASHRAM ROAD AHMEDABAD Ahmedabad GJ 380009 IN , City Ahmedabad Gujarat, INDIA', '2020-06-28 15:58:23', '2020-06-28 10:28:23'),
(13, 'GALAXY AGRICO EXPORTS LIMITED', 'L01110GJ1994PLC021368', ' info@galaxyagrico.com', ' 236, Jai Kishan Industrial Estate, Behind Murlidhar Weigh Bridge, Shapar Rajkot GJ 360024 IN , Lodhika Gujarat, INDIA', '2020-06-28 15:58:24', '2020-06-28 10:28:24'),
(14, 'THE RAVALGAON SUGAR FARM LIMITED', 'L01110MH1933PLC001930', ' neha.oza@ravalgaon.in', ' RAVALGAONN-4233108TALUKA MALEGAON NASIK MH 423108 IN , Malegaon Maharashtra, INDIA', '2020-06-28 15:58:25', '2020-06-28 10:28:25'),
(15, 'PAPER AND GINGER MERCHANTS ASASOCIATION LIMITED', 'L01110MH1937GAP002740', ' ', ' 332-334 NARSINATHA STREET MUMBAI MH 400009 IN , Mumbai Maharashtra, INDIA', '2020-06-28 15:58:26', '2020-06-28 10:28:26'),
(16, 'KARMAYOGA AGRO LIMITED', 'L01110MH1991PLC061630', ' khandeparkarag@yahoo.co.in', ' 23, RAMESHWAR, LADY JAMSHEDJI ROAD, MAHIM, MUMBAI Mumbai City MH 400016 IN , Mumbai Maharashtra, INDIA', '2020-06-28 15:58:27', '2020-06-28 10:28:27'),
(17, 'MURLI INDUSTRIES LIMITED CN', 'L01110MH1991PLC064271', ' complianceofficer@murliindustries.com', ' 101 JAI BHAVANI SOCIETYWARDHMAN NAGAR NAGPUR MH 440008 IN , Nagpur Maharashtra, INDIA', '2020-06-28 15:58:28', '2020-06-28 10:28:28'),
(18, 'SANJIVANI AGRO INDUSTRIES LTD.', 'L01110MH1992PTC069153', ' ', ' B-604, SHRI SIDDHI VINAYAKTOWERS, TANK ROAD, ORLEM MALAD WEST, MUMBAI - 400 064. MH 000000 IN , Maharashtra, INDIA', '2020-06-28 15:58:29', '2020-06-28 10:28:29'),
(19, 'ASIAN FISHERIES LIMITED', 'L05000MH1994PLC080033', ' ', ' 210 TAJ BLDGD N ROAD MUMBAI MH 400001 IN , Mumbai Maharashtra, INDIA', '2020-06-28 15:59:55', '2020-06-28 10:29:55'),
(20, 'FISHING FALCONS LTD', 'L05001TG1985PLC005910', ' ', ' 8-2-293/K/153, 2ND FLOOR,REAR PORTION, KAMALAPURI COLONY,(PHASE-III) HYDERABAD-50 0073 TG 000000 IN , Telangana, INDIA', '2020-06-28 15:59:56', '2020-06-28 10:29:56'),
(21, 'AGRI MARINE EXPORTS LIMITED', 'L05001TN1985PLC011918', ' agrimarine@vsnl.com', ' Door No.47/22, Mangapathy Street, Chintadripet, Chennai Chennai TN 600002 IN , Chennai Tamil Nadu, INDIA', '2020-06-28 15:59:58', '2020-06-28 10:29:58'),
(22, 'NAGARJUNA NATURE BASE LIMITED', 'L05001TN1993PLC025550', ' ', ' B-32, FIRST FLOOR, KARTHIKIYANSALAI, PERIYAR NAGAR MADRAS 82 MADRAS 82 Chennai TN 000000 IN , Tamil Nadu, INDIA', '2020-06-28 15:59:58', '2020-06-28 10:29:58'),
(23, 'TROPICAL ORCHARDS & AQUA PRODUCTS LIMITED', 'L05001TN1994PLC028413', ' ', ' NO.55,TEACHERS COLONY, KAMARAJ AVENUE, ADYAR CHENNAI Chennai TN 600020 IN , Chennai City Corporation Tamil Nadu, INDIA', '2020-06-28 16:00:00', '2020-06-28 10:30:00'),
(24, 'ANDHRA PRADESH FISHERIES CORPN LTD', 'L05004AP1974PLC001715', ' ', ' FISHING JITTY, JAGANNAICKPUR,KAKINADA, EAST GODAVARI ANDHRA PRADESH AP 000000 IN , Andhra Pradesh, INDIA', '2020-06-28 16:00:01', '2020-06-28 10:30:01'),
(25, 'KALYAN ENERGY LIMITED', 'L05004AP1987PLC007268', ' suryachakra.power@gmail.com', ' Venkateswara Nivas, 2nd Floor, Flat No. 201 & 202, Subadra Arcade, Bhanugudi Junction, Kakinada Guntur AP 533003 IN , Kakinada (Urban) Andhra Pradesh, INDIA', '2020-06-28 16:00:02', '2020-06-28 10:30:02'),
(26, 'COCANADA ENERGY & INFRASTRUCTURE LIMITED', 'L05004AP1987PLC007269', ' suryachakra.power@gmail.com', ' Venkateswara Nivas, 2nd Floor, Flat No. 201 & 202, Subhadra Arcade, Bhanugu Junction Kakinada Guntur AP 533003 IN , Kakinada (Urban) Andhra Pradesh, INDIA', '2020-06-28 16:00:03', '2020-06-28 10:30:03'),
(27, 'GUJARAT REFRACTORIES LIMITED', 'L05004GJ1985PLC008318', ' ', ' SHOP NO 7 AJANTA INDUSTRAL ESTATE PLOT NO 1 NR SARITA PAINTS, VILLAGE VASANA TALUKA SANAND AHMEDABAD Vadodara GJ 382170 IN , Sanand Gujarat, INDIA', '2020-06-28 16:00:04', '2020-06-28 10:30:04'),
(28, 'ZEAL AQUA LIMITED', 'L05004GJ2009PLC056270', ' zealaqua@gmail.com', ' AT OLPAD GIDC PL NO. 4,5, TA OLPAD SURAT Surat GJ 394540 IN , Olpad Gujarat, INDIA', '2020-06-28 16:00:05', '2020-06-28 10:30:05'),
(29, 'SURYO FOODS AND INDUSTRIES LTD', 'L05004OR1989PLC002264', ' suryofoods.industries@gmail.com', ' 3RD FLOOR,A-54/1 & A-55/1, NAYAPALLI BHUBANESWAR Khordha OR 000000 IN , Odisha, INDIA', '2020-06-28 16:00:06', '2020-06-28 10:30:06'),
(30, 'POTIS POWER PROJECTS LIMITED', 'L05004TG1992PLC014040', ' okreddy@yahoo.co.in', ' PLOT NO.172,ROAD NO.72DHANALAXMI COLONY SECUNDERABAD SECUNDERABAD TG 500026 IN , Secunderabad Telangana, INDIA', '2020-06-28 16:00:07', '2020-06-28 10:30:07'),
(31, 'THE WATERBASE LIMITED', 'L05005AP1987PLC018436', ' achuthan@waterbaseindia.com', ' ANANTHAPUR VILLAGE,NELLORE. AP 524344 IN , Muthukur Andhra Pradesh, INDIA', '2020-06-28 16:00:08', '2020-06-28 10:30:08'),
(32, 'SHARAT INDUSTRIES LIMITED', 'L05005AP1990PLC011276', ' sharatpremium@gmail.com', ' VENKANNAPALEM VILLAGE,T P GUDUR MANDAL, NELLORE, ANDHRA PRADESH AP 000000 IN , Andhra Pradesh, INDIA', '2020-06-28 16:00:10', '2020-06-28 10:30:10'),
(33, 'SUVARNA AQUA FARMS & EXPORTS LIMITED', 'L05005AP1991PLC013360', ' eswarballa@gmail.com', ' ADMN BUILDINGPAKALA VILLAGE SINGARAYAKONDA SINGARAYAKONDA AP 517712 IN , Andhra Pradesh, INDIA', '2020-06-28 16:00:11', '2020-06-28 10:30:11'),
(34, 'ROOPA INDUSTRIES LIMITED', 'L10100AP1985PLC005582', ' cs@roopaindustries.com', ' 17/745,ALUR ROAD, ADONI, KURNOOL DIST., A.P AP 518301 IN , Adoni Andhra Pradesh, INDIA', '2020-06-28 16:00:13', '2020-06-28 10:30:13'),
(35, 'KUMAUN MINERALS AND CHEMICALS (INDIA) LI MITED.', 'L10100DL1998PLC095131', ' ', ' 4/43 SAFDARJUNG ENCLAVE IIND FLOOR NEW DELHI DL 000000 IN , Delhi, INDIA', '2020-06-28 16:00:14', '2020-06-28 10:30:14'),
(36, 'DHENU BUILDCON INFRA LIMITED', 'L10100MH1909PLC000300', ' dhenubuildcon@gmail.com', ' OFFICE NO. 4, BUILDING NO. 4, VAHATUK NAGAR, AMBOLI, ANDHERI (WEST) MUMBAI Mumbai City MH 400058 IN , Mumbai Maharashtra, INDIA', '2020-06-28 16:00:16', '2020-06-28 10:30:16'),
(37, 'SVC RESOURCES LIMITED', 'L10100MH1976PLC018861', ' svcresourceslimited@gmail.com', ' Office No. 42, Citi Mall, Link Road Andheri (West) Mumbai Mumbai City MH 400053 IN , Mumbai Maharashtra, INDIA', '2020-06-28 16:00:17', '2020-06-28 10:30:17'),
(38, 'THE METAL CORPORATION OF INDIA LIMITED', 'L10101WB1944PLC011718', ' sucha11@yahoo.com', ' 7A RAMESWASR SHAW RD KOLKATA Kolkata WB 700014 IN , Kolkata West Bengal, INDIA', '2020-06-28 16:00:19', '2020-06-28 10:30:19'),
(39, 'GRAPHITE INDIA LIMITED', 'L10101WB1974PLC094602', ' gilbakt@graphiteindia.com', ' 31, CHOWRINGHEE ROAD, KOLKATA WB 700016 IN , Kolkata West Bengal, INDIA', '2020-06-28 16:00:20', '2020-06-28 10:30:20'),
(40, 'ADVANCE BIO-COAL (INDIA) LIMITED', 'L10102GJ1994PLC023901', ' advance_bio@yahoo.in', ' SHOP NO. 4, AL-MANSOOR COMPLEX, NEAR AL-SAFIQ MASZID, NEAR JAGRUTI SCHOOL, MAKARBA, SARKHEJ, AHMEDABAD Ahmedabad GJ 380051 IN , Ahmadabad City Gujarat, INDIA', '2020-06-28 16:00:22', '2020-06-28 10:30:22'),
(41, 'R. C. A. LIMITED', 'L10200WB1899PLC000255', ' rcaltd@rediffmail.com', ' 10 MIDDLETON ROW, KOLKATA WB 700071 IN , Kolkata West Bengal, INDIA', '2020-06-28 16:00:23', '2020-06-28 10:30:23'),
(42, 'NORTH WEST COAL CO LTD', 'L10200WB1906PLC001672', ' pberiaandassociates@rediffmail.com.com', ' 15 CANAL EAST ROAD KOLKATA Parganas North WB 700067 IN , Kolkata West Bengal, INDIA', '2020-06-28 16:00:25', '2020-06-28 10:30:25'),
(43, 'MADHABPUR COAL CO LTD', 'L10200WB1945PLC012217', ' ', ' 3 SYNAGOGUE ST KOLKATA WB 700001 IN , Kolkata West Bengal, INDIA', '2020-06-28 16:00:27', '2020-06-28 10:30:27'),
(44, 'EXOTIC COAL LIMITED', 'L10300GJ1994PLC023538', ' arsicosmetics@gmail.com', ' 104, 1st floor Ashman Complex, Behind Ganesh Plaza Navrangpura, Ahmedabad Ahmedabad GJ 380009 IN , City Ahmedabad Gujarat, INDIA', '2020-06-28 16:00:28', '2020-06-28 10:30:28'),
(45, 'HINDUSTAN OIL EXPLORATION COMPANY LIMITED', 'L11100GJ1996PLC029880', ' hoecshare@hoec.com', ' TANDALJA ROAD OFF OLD PADRAROAD BARODA GJ 390020 IN , Vadodara Gujarat, INDIA', '2020-06-28 16:00:29', '2020-06-28 10:30:29'),
(46, 'RELIANCE PETROLEUM LIMITED', 'L11100GJ2005PLC048030', ' investor.relations@reliancepetroleum.com', ' MOTIKAHAVDI P.O.DIGVIJAYGRAM JAMNAGAR GJ 361140 IN , Jamnagar Gujarat, INDIA', '2020-06-28 16:00:30', '2020-06-28 10:30:30'),
(47, 'BIHAR AIR PRODUCTS LIMITED', 'L11100JH1975SGC001202', ' bapl_jsr@rediffmail.com', ' PHASE V, TAYO COMPLEX, ADITYAPUR INDUSTRIAL AREA GAMHARIA GAMHARIA JH 832108 IN , Seraikella Kharsawan Jharkhand, INDIA', '2020-06-28 16:00:31', '2020-06-28 10:30:31'),
(48, 'OIL INDIA LIMITED', 'L11101AS1959GOI001148', ' ajayasahoo@oilindia.in', ' DULIAJAN DIST: DIBRUGARH DULIAJAN AS 786602 IN , Duliajan Assam, INDIA', '2020-06-28 16:00:33', '2020-06-28 10:30:33'),
(49, 'KALPATARU POWER TRANSMISSION LIMITED', 'L40100GJ1981PLC004281', ' cs@kalpatarupower.com', ' \'101,PART-III G.I.D.C ESTATE SECTOR-28 GANDHINAGAR GANDHINAGAR GJ 382028 IN , Gandhinagar Gujarat, INDIA', '2020-06-28 16:02:55', '2020-06-28 10:32:55'),
(50, 'TORRENT POWER SEC LIMITED', 'L40100GJ1981PLC004755', ' ', ' TORRENT HOUSE STATION ROAD SURAT Surat GJ 395003 IN , Na Gujarat, INDIA', '2020-06-28 16:02:56', '2020-06-28 10:32:56'),
(51, 'SUN SOURCE (INDIA) LIMITED', 'L40100GJ1992PLC017458', ' pranavsemail@gmail.com', ' 1 SONAL INDUSTRIAL ESTATEKHODA SANAND VIRAMGAM HIGHWAY AHMEDABAD Ahmedabad GJ 382170 IN , Sanand Gujarat, INDIA', '2020-06-28 16:02:57', '2020-06-28 10:32:57'),
(52, 'SUZLON ENERGY LIMITED', 'L40100GJ1995PLC025447', ' mca@suzlon.com', ' SUZLON 5,SHRIMALI SOCIETY NEAR SHRI KRISHNA COMPLEX NAVRANGPURA AHMEDABAD GJ 380009 IN , City Ahmedabad Gujarat, INDIA', '2020-06-28 16:02:58', '2020-06-28 10:32:58'),
(53, 'ADANI POWER LIMITED', 'L40100GJ1996PLC030533', ' deepak.pandya@adani.com', ' SHIKHAR NR ADANI HOUSEMITHAKHALI SIX ROADS NAVRANGPURA AHMEDABAD GJ 380009 IN , City Ahmedabad Gujarat, INDIA', '2020-06-28 16:03:00', '2020-06-28 10:33:00'),
(54, 'NAGPUR POWER AND INDUSTRIES LIMITED', 'L40100MH1996PLC104361', ' nidhi@khandelwalindia.com', ' NIRMAL (20TH FLOOR)NARMAN POINT MUMBAI 21 MUMBAI Mumbai City MH 400021 IN , Uran Maharashtra, INDIA', '2020-06-28 16:03:01', '2020-06-28 10:33:01'),
(55, 'TRIMBAK POWER COMPANY LIMITED', 'L40100MH1999PLC118986', ' vka@siddhant.co.in', ' 401 SUMER KENDRA P B MARG WORLI MUMBAI Mumbai City MH 400018 IN , Mumbai Maharashtra, INDIA', '2020-06-28 16:03:02', '2020-06-28 10:33:02'),
(56, 'WELTEX CABLES (INDIA) LIMITED', 'L40100MH2000PLC128564', ' ', ' 6/B 6TH FLOOR STERLING CENTREDR ANNIE BESANT ROAD WORLI MUMBAI MH 400018 IN , Mumbai Maharashtra, INDIA', '2020-06-28 16:03:03', '2020-06-28 10:33:03'),
(57, 'OCTAV INVESTMENTS LIMITED', 'L40100MH2003PLC138835', ' mbvakil@yahoo.co.in', ' CEAT MAHAL, 1ST FL., 463, DR. ANNIE BESANT ROAD, WORLI, MUMBAI MH 400030 IN , Mumbai Maharashtra, INDIA', '2020-06-28 16:03:04', '2020-06-28 10:33:04'),
(58, 'SUNEDISON INFRASTRUCTURE LIMITED', 'L40100TN1994PLC028263', ' cscompliance@sunedisoninfra.com', ' 11th FLOOR, BASCON FUTURA ,New No: 10/2 Old No: 56L, Venkatanarayana Road, T Nagar, CHENNAI Chennai TN 600017 IN , Chennai Tamil Nadu, INDIA', '2020-06-28 16:03:05', '2020-06-28 10:33:05'),
(59, 'BATELI TEA CO LTD', 'L40100WB1919PLC003227', ' kolkata@mldgroup.in', ' 130, COTTON STREET A-7CALCUTTA W.B 700007 WB 000000 IN , West Bengal, INDIA', '2020-06-28 16:03:06', '2020-06-28 10:33:06'),
(60, 'REC LIMITED', 'L40101DL1969GOI005095', ' mlkumawat@recl.in', ' CORE 4SCOPE COMPLEX 7 LODI ROAD NEW DELHI DL 110003 IN , New Delhi Delhi, INDIA', '2020-06-28 16:03:08', '2020-06-28 10:33:08'),
(61, 'NTPC LIMITED', 'L40101DL1975GOI007966', ' csntpc@ntpc.co.in', ' NTPC BHAWAN, SCOPE COMPLEX, 7, INSTITUTIONAL AREA LODHI ROAD NEW DELHI DL 110003 IN , New Delhi Delhi, INDIA', '2020-06-28 16:03:09', '2020-06-28 10:33:09'),
(62, 'POWER GRID CORPORATION OF INDIA LIMITED', 'L40101DL1989GOI038121', ' dtandon@powergridindia.com', ' B-9 QUTAB INSTITUTIONAL AREA KATWARIA SARAI NEW DELHI DL 110016 IN , Na Delhi, INDIA', '2020-06-28 16:03:10', '2020-06-28 10:33:10'),
(63, 'RATTANINDIA INFRASTRUCTURE LIMITED', 'L40101DL2010PLC210263', ' ragarwal@rattanindia.com', ' H.No. 9, First Floor, Vill. Hauz Khas, New Delhi New Delhi South Delhi DL 110016 IN , Na Delhi, INDIA', '2020-06-28 16:03:12', '2020-06-28 10:33:12'),
(64, 'TUMUS ELECTRIC CORPORATION LIMITED', 'L45100MH1973PLC001186', ' compliance.tumus@gmail.com', ' Ground Floor, Bagri Niwas, 53/55 Nath Madhav Path, Kalbadevi MUMBAI MH 400002 IN , Mumbai Maharashtra, INDIA', '2020-06-28 16:03:14', '2020-06-28 10:33:14'),
(65, 'HCKK VENTURES LIMITED', 'L45100MH1983PLC263361', ' info@hckkventures.com', ' 3, Shree Mangal Apartment Near ABB Circle, Mahatma Nagar Nashik Nashik MH 422007 IN , Surgana Maharashtra, INDIA', '2020-06-28 16:03:16', '2020-06-28 10:33:16'),
(66, 'CONTINENTAL CONSTRUCTION LIMITED', 'L45101DL1962PLC003859', ' cclindia@yahoo.co.in', ' CONTINENTAL HOUSE, 28, NEHRU PLACE NEW DELHI DL 110019 IN , New Delhi Delhi, INDIA', '2020-06-28 16:03:17', '2020-06-28 10:33:17'),
(67, 'ANSAL PROPERTIES AND INFRASTRUCTURE LIMITED', 'L45101DL1967PLC004759', ' sami@ansalapi.com', ' 115 ANSAL BHAWAN16 K G MARG NEW DELHI DL 110001 IN , New Delhi Delhi, INDIA', '2020-06-28 16:03:19', '2020-06-28 10:33:19'),
(68, 'AHLUWALIA CONTRACTS (INDIA) LIMITED', 'L45101DL1979PLC009654', ' cs.corpoffice@acilnet.com', ' A-177, Okhla Industrial Area, Phase-I New Delhi South Delhi DL 110020 IN , New Delhi Delhi, INDIA', '2020-06-28 16:03:20', '2020-06-28 10:33:20'),
(69, 'NOIDA TOLL BRIDGE COMPANY LIMITED', 'L45101DL1996PLC315772', ' ntbcl@ntbcl.com', ' Noida Toll Bridge Company Limited Toll Plaza, Mayur Vihar Link Road Delhi East Delhi DL 110091 IN , Na Delhi, INDIA', '2020-06-28 16:03:22', '2020-06-28 10:33:22'),
(70, 'INDIABULLS REAL ESTATE LIMITED', 'L45101DL2006PLC148314', ' vkhandelwal@indiabulls.com', ' M - 62 & 63 FIRST FLOOR, CONNAUGHT PLACE NEW DELHI DL 110001 IN , New Delhi Delhi, INDIA', '2020-06-28 16:03:23', '2020-06-28 10:33:23'),
(71, 'SHILPI BUILDERS LIMITED', 'L45101UP1985PLC007440', ' ', ' 7/141 A-3SWAROOP NAGAR KANPUR UTTAR PRADESH Jyotiba Phule Nagar UP 208002 IN , Csa Uttar Pradesh, INDIA', '2020-06-28 16:03:24', '2020-06-28 10:33:24'),
(72, 'K&R RAIL ENGINEERING LIMITED', 'L45200AP1983PLC082576', ' krrailengineering@gmail.com', ' 12-5-34 & 35/1 Vijapuri, South Lalaguda Secunderabad AP 500017 IN , Secunderabad Andhra Pradesh, INDIA', '2020-06-28 16:03:24', '2020-06-28 10:33:24'),
(73, 'SETHI ENGINEERS AND FOUNDRY LIMITED', 'L45200AP1987PLC007132', ' dkajeepeta@yahoo.com', ' # 126, YAMNAMPET INDUSTRIAL AREA POGULAGUDA VILLAGE, GHATKE SAR, RANGA REDDY, ANDHRA PRADESH AP 000000 IN , Andhra Pradesh, INDIA', '2020-06-28 16:03:26', '2020-06-28 10:33:26'),
(74, 'MANJEERA CONSTRUCTIONS LTD', 'L45200AP1987PLC007228', ' cs@manjeera.com', ' #711,Manjeera Trinity Corporate,Beside Manjeera Mall,JNTU-Hitech City Road,Kukatpally Hyderabad Hyderabad TG 500072 IN , Tirumalagiri Telangana, INDIA', '2020-06-28 16:03:27', '2020-06-28 10:33:27'),
(75, 'SAFIRE GLOBAL MEDICARE LIMITED', 'L45200AP1988PLC008837', ' safireglobalmedicareltd@gmail.com', ' 3-6-205/4, HIMAYAT NAGAR HYDERABAD Kurnool AP 500029 IN , Himayathnagar Andhra Pradesh, INDIA', '2020-06-28 16:03:28', '2020-06-28 10:33:28'),
(76, 'RKEC PROJECTS LIMITED', 'L45200AP2005PLC045795', ' cs@rkecprojects.com', ' DOOR NO.10-12-1, REDNAM ALCAZAR, 3RD FLOOR, OPP:SBI MAIN BRANCH, OLD JAIL ROAD, REDNAM GARDENS VISAKHAPATNAM AP 530020 IN , Visakhapatnam (Urban) Andhra Pradesh, INDIA', '2020-06-28 16:03:29', '2020-06-28 10:33:29'),
(77, 'MVL LIMITED', 'L45200DL2006PLC154848', ' info@mvl.in', ' 1201 B, 12th FLOOR HEMKUNT CHAMBER, 89 NEHRU PLACE NEW DELHI DL 110019 IN , New Delhi Delhi, INDIA', '2020-06-28 16:03:30', '2020-06-28 10:33:30'),
(78, 'STOVEC INDUSTRIES LIMITED', 'L45200GJ1973PLC050790', ' secretarial@stovec.com', ' N.I.D.C. Near Lambha Village, Post: Narol Ahmedabad GJ 382405 IN , Ahmadabad City Gujarat, INDIA', '2020-06-28 16:03:31', '2020-06-28 10:33:31'),
(79, 'RATAN GLITTER INDUSTRIES LIMITED', 'L50100MH1985PLC036520', ' ratanglitter@gmail.com', ' Gala Woodworks Compound, Opp. B.D.D. Chawl No. 114, Worli Mumbai Mumbai City MH 400018 IN , Mumbai Maharashtra, INDIA', '2020-06-28 16:03:33', '2020-06-28 10:33:33'),
(80, 'SHARDUL SECURITIES LIMITED', 'L50100MH1985PLC036937', ' investors@shriyam.com', ' G-12, TULSIANI CHAMBERS 212, NARIMAN POINT MUMBAI MH 400021 IN , Uran Maharashtra, INDIA', '2020-06-28 16:03:34', '2020-06-28 10:33:34'),
(81, 'ENBEE TRADE AND FINANCE LIMITED', 'L50100MH1985PLC036945', ' enbeetrade@gmail.com', ' B4 /C5, Gods Gift Chs Ltd N M Joshi Marg, Lower Parel Mumbai Mumbai City MH 400013 IN , Mumbai Maharashtra, INDIA', '2020-06-28 16:03:36', '2020-06-28 10:33:36'),
(82, 'HIRA AUTOMOBILES LIMITED', 'L50101CH1989PLC009500', ' hiraaccounts@gmail.com', ' # 0598 Sector 18 B Chandigarh Chandigarh CH 160018 IN , Chandigarh Chandigarh, INDIA', '2020-06-28 16:03:37', '2020-06-28 10:33:37'),
(83, 'SML ISUZU LIMITED', 'L50101PB1983PLC005516', ' pmadan@smlisuzu.com', ' VILLAGE ASRON DISTRICT NAWANSHAHR NAWANSHAHR PB 160034 IN , Punjab, INDIA', '2020-06-28 16:03:38', '2020-06-28 10:33:38'),
(84, 'D. D. VENTURES LIMITED', 'L50102DL1984PLC017834', ' a.bhaskar@ddmotors.net', ' B-8, PHASE-I ,MAYAPURI INDUSTRIAL AREA, New Delhi New Delhi DL 110064 IN , New Delhi Delhi, INDIA', '2020-06-28 16:03:39', '2020-06-28 10:33:39'),
(85, 'PASUPATI ACRYLON LIMITED', 'L50102UP1982PLC015532', ' delhi@pasupatiacrylon.com', ' THAKURDWARAKASHIPUR ROAD, DISTT.MORADABAD UP UP 244601 IN , Thakuedwara Uttar Pradesh, INDIA', '2020-06-28 16:03:40', '2020-06-28 10:33:40'),
(86, 'TRINA NRE TRANSPORTATION LIMITED', 'L50103DL1992PLC047174', ' cs@trinaquebecgears.com', ' Cabin No. 2, C-39, BASEMENT, KALKAJI New Delhi South Delhi DL 110019 IN , New Delhi Delhi, INDIA', '2020-06-28 16:03:41', '2020-06-28 10:33:41'),
(87, 'FRENCH MOTOR CAR CO LTD', 'L50103WB1920PLC003679', ' fmcho@frenchmotor.in', ' 234/3A A J CH BOSE RD KOLKATA WB 700020 IN , Kolkata West Bengal, INDIA', '2020-06-28 16:03:42', '2020-06-28 10:33:42'),
(88, 'EICHER MOTORS LTD.', 'L50200MP1982PLC002066', ' ', ' PLOT NO. 102 INDUSTRIAL AREA NO. 1 PITHAM PUR DEWAS MP 000000 IN , Madhya Pradesh, INDIA', '2020-06-28 16:03:43', '2020-06-28 10:33:43'),
(89, 'SWARAJ ENGINES LTD', 'L50210PB1985PLC006473', ' grewal.maninder@mahindraswaraj.com', ' PHASE IVSAS NAGAR MOHALI DISTT ROPAR PUNJAB PB 000000 IN , Punjab, INDIA', '2020-06-28 16:03:44', '2020-06-28 10:33:44'),
(90, 'SUNKU AUTO LTD.', 'L50300TG1985PLC005656', ' ', ' 3-6-369/8,HIMAYATHNAGAR, HYDERABAD A.P TG 000000 IN , Telangana, INDIA', '2020-06-28 16:03:45', '2020-06-28 10:33:45'),
(91, 'VICTOR MOPDS LTD', 'L50401MH1975PLC018541', ' ', ' 396, SAKHAR PETH, SOLAPUR SOLAPUR MH 413002 IN , Solapur South Maharashtra, INDIA', '2020-06-28 16:03:46', '2020-06-28 10:33:46'),
(92, 'GUJARAT HOTELS LIMITED', 'L55100GJ1982PLC005408', ' janakiaggarwal@ith.co.in', ' WELCOMEHOTEL VADODARA R C DUTT ROAD,ALKAPURI VADODARA GJ 390007 IN , Vadodara Gujarat, INDIA', '2020-06-28 16:17:53', '2020-06-28 10:47:53'),
(93, 'LORDS ISHWAR HOTELS LIMITED', 'L55100GJ1985PLC008264', ' INFO@LORDSISHWAR.COM', ' HOTEL REVIVAL,NEAR SAYAJI GARDENS KALA GHODA CHOWK, UNIVERSITY ROAD BARODA GJ 390002 IN , Vadodara Gujarat, INDIA', '2020-06-28 16:17:54', '2020-06-28 10:47:54'),
(94, 'ROYALE MANOR HOTELS AND INDUSTRIES LIMITED', 'L55100GJ1991PLC015839', ' royalemanorhotels@rediffmail.com', ' INTERNATIONAL AIRPORT CIRCLE AHMEDABAD GJ 382475 IN , Ahmadabad City Gujarat, INDIA', '2020-06-28 16:17:56', '2020-06-28 10:47:56'),
(95, 'RIVER FRONT HOTELS LIMITED', 'L55100GJ1991PLC016766', ' info@riverfronthotellimited.com', ' LANDMARK OPP DUTCH GARDENSNANPURA SURAT GJ 000000 IN , Gujarat, INDIA', '2020-06-28 16:17:57', '2020-06-28 10:47:57'),
(96, 'PAN INDIA RESORTS AND LAND DEVELOPMENT LIMITED', 'L55100GJ1994PLC021627', ' bhavesh.vs@gmail.com', ' 24/144, VIJAYNAGAR FLATS, NARANPURA AHMEDABAD AHMEDABAD Ahmedabad GJ 380013 IN , Ahmadabad City Gujarat, INDIA', '2020-06-28 16:17:58', '2020-06-28 10:47:58'),
(97, 'TGB BANQUETS AND HOTELS LIMITED', 'L55100GJ1999PLC036830', ' cs@tgbhotels.com', ' THE GRAND BHAGWATIS G HIGHWAY BODAKDEV AHMEDABAD 9 GJ 380054 IN , Ahmadabad City Gujarat, INDIA', '2020-06-28 16:18:00', '2020-06-28 10:48:00'),
(98, 'H S INDIA LIMITED', 'L55100MH1989PLC053417', ' hsindialimited@gmail.com', ' UNIT NO. 202, MORYA BLUE MOON, OFF NEW LINK ROAD, ANDHERI WEST, MUMBAI Mumbai City MH 400053 IN , Mumbai Maharashtra, INDIA', '2020-06-28 16:18:01', '2020-06-28 10:48:01'),
(99, 'SUKHSAGAR AMUSEMENTS AND RESORTS LIMITED', 'L55100MH1998PLC113348', ' ', ' F 105 A DADAR MANISH MARKET, S B MARG, DADAR (WEST), MUMBAI MH 400028 IN , Mumbai Maharashtra, INDIA', '2020-06-28 16:18:02', '2020-06-28 10:48:02'),
(100, 'CHEMIST HOSPITAL AND RESEARCH CENTRE LIMITED', 'L55100MH2000PLC124695', ' ', ' SHRI GOKULNEAR VATSAL HOSPITAL NEW POWER HOUSE GOKARSHAN RD AKOLA MH 444001 IN , Akola Maharashtra, INDIA', '2020-06-28 16:18:03', '2020-06-28 10:48:03'),
(101, 'CES LIMITED.', 'L55100TG1985PLC045963', ' surya.mungelkar@cesltd.com', ' Seventh Floor, Tower- A, Ramky Selenium Building, Plot No.31& 32, Nanakramguda, Gachibowli Hyderabad Hyderabad TG 500032 IN , Seri Lingampally Telangana, INDIA', '2020-06-28 16:18:05', '2020-06-28 10:48:05'),
(102, 'JAMES HOTELS LIMITED', 'L55101CH1980PLC004249', ' csjameshotel@gmail.com', ' BLOCK NO 10SECTOR 17 A CHANDIGARH U T CH 160017 IN , Chandigarh Chandigarh, INDIA', '2020-06-28 16:18:06', '2020-06-28 10:48:06'),
(103, 'U P HOTELS LIMITED', 'L55101DL1961PLC017307', ' clarkssuryakiran@yahoo.co.in', ' 1101 SURYA KIRAN BUILDING 19 KASTURBA GANDHI MARG NEW DELHI DL 110001 IN , New Delhi Delhi, INDIA', '2020-06-28 16:18:07', '2020-06-28 10:48:07'),
(104, 'ITC HOTELS LIMITED', 'L55101DL1972PLC006079', ' ', ' 25 COMMUNITY CENTREBASANT LOK VASANT VIHAR NEW DELHI DL 110057 IN , Na Delhi, INDIA', '2020-06-28 16:18:08', '2020-06-28 10:48:08'),
(105, 'CHL LIMITED', 'L55101DL1979PLC009498', ' cs@chl.co.in', ' Hotel The Suryaa Community Centre, New Friends Colony New Delhi DL 110025 IN , Na Delhi, INDIA', '2020-06-28 16:18:09', '2020-06-28 10:48:09'),
(106, 'ASIAN HOTELS (NORTH) LIMITED', 'L55101DL1980PLC011037', ' investorrelations@ahlnorth.com', ' BHIKAJI CAMA PLACE M. G. MARG NEW DELHI DL 110066 IN , Na Delhi, INDIA', '2020-06-28 16:18:10', '2020-06-28 10:48:10'),
(107, 'JHANU LOGISTICS LIMITED', 'L60100MH1999PLC121903', ' ', ' A-3, NALANDA BUILDING, R. B. MEHTA MARG, GHATKOPAR ( EAST), MUMBAI MH 400077 IN , Na Maharashtra, INDIA', '2020-06-28 16:18:12', '2020-06-28 10:48:12'),
(108, 'AVG LOGISTICS LIMITED', 'L60200DL2010PLC198327', ' praveen@avglogistics.com', ' OFFICE NO. 25, D.D.A MARKET, SAVITA VIHAR DELHI DL 110092 IN , Na Delhi, INDIA', '2020-06-28 16:18:13', '2020-06-28 10:48:13'),
(109, 'SURYAKRUPA FINANCE LIMITED', 'L60200GJ1986PLC083845', ' investorsuryakrupa@gmail.com', ' PLOT NO.267 WARD 12/B GANDHIDHAM Kachchh GJ 370201 IN , Gandhidham Gujarat, INDIA', '2020-06-28 16:18:14', '2020-06-28 10:48:14'),
(110, 'PAZEL INTERNATIONAL LIMITED', 'L60200MH1980PLC022303', ' rutron1980@gmail.com', ' 223, IIND FLOOR, NATRAJ MARKET S.V. ROAD, MALAD (W), MUMBAI-400064 MUMBAI Mumbai City MH 400064 IN , Malad West Maharashtra, INDIA', '2020-06-28 16:18:15', '2020-06-28 10:48:15'),
(111, 'MUMBAI PARIVAHAN MITRA MANDAL', 'L60200MH2000NPL123514', ' ', ' SAVANI ROADLINES 163 KASAMCHAMBERS P D MELLO RD MUMBAI MH 400001 IN , Mumbai Maharashtra, INDIA', '2020-06-28 16:18:16', '2020-06-28 10:48:16'),
(112, 'KINGSTON TRAVELS PRIVATE LIMITED', 'L60210DL2006PTC151505', ' parveenrastogi@rediffmail.com', ' A - 5, SISHRAM PARK, UTTAM NAGAR NEW DELHI DL 110059 IN , New Delhi Delhi, INDIA', '2020-06-28 16:18:17', '2020-06-28 10:48:17'),
(113, 'VRL LOGISTICS LIMITED', 'L60210KA1983PLC005247', ' aniruddha@vrllogistics.com', ' RS NO.351/1, VARUR POST CHABBI TALUK HUBLI DIST. DHARWAD HUBLI KA 581207 IN , Hubli Karnataka, INDIA', '2020-06-28 16:18:19', '2020-06-28 10:48:19'),
(114, 'KATAKATARIA TRANSPORTAND HEAVY INDUSTRIE S LIMITED', 'L60210MH1995PLC086099', ' ', ' 23-11 SUMAN BANDRA RECLMETIONM C MARG BANDRA W MUMBAI MH 400050 IN , Mumbai Maharashtra, INDIA', '2020-06-28 16:18:20', '2020-06-28 10:48:20'),
(115, 'CONTAINERWAY INTERNATIONAL LTD', 'L60210WB1985PLC038478', ' containerwayinternational@gmail.com', ' 2A, Ganesh Chandra Avenue, Commerce House, 9th Floor, Room No.8A kolkatta Kolkata WB 700013 IN , Kolkata West Bengal, INDIA', '2020-06-28 16:18:21', '2020-06-28 10:48:21'),
(116, 'BALURGHAT TECHNOLOGIES LIMITED', 'L60210WB1993PLC059296', ' cs@balurghat.co.in', ' 170/2C A J C BOSE RD KOLKATA Kolkata WB 700014 IN , Kolkata West Bengal, INDIA', '2020-06-28 16:18:22', '2020-06-28 10:48:22'),
(117, 'HARIOM AERIAL ROPEWAYS LIMITED', 'L60220MH1999PLC122099', ' ', ' 20,NAV PARAG CO. OP. SOC. NEAR ASHOK STAMBH, NASHIK MH 422002 IN , Nashik Maharashtra, INDIA', '2020-06-28 16:18:23', '2020-06-28 10:48:23'),
(118, 'SANCO TRANS LIMITED', 'L60220TN1979PLC007970', ' comsec@sancotrans.com', ' S.T. Tower, New No. 24 & 25, II Floor, Second Line Beach Road, Chennai Chennai TN 600001 IN , Chennai Tamil Nadu, INDIA', '2020-06-28 16:18:24', '2020-06-28 10:48:24'),
(119, 'CENTRAL DOOARS MOTOR SYNDICATE LIMITED', 'L60230WB1994PLC012147', ' ', ' UKILPADA, DIST. JALPAIGURI- UKILPADA, DIST. JALPAIGURI- WB 735101 IN , Jalpaiguri West Bengal, INDIA', '2020-06-28 16:18:25', '2020-06-28 10:48:25'),
(120, 'SER INDUSTRIES LIMITED', 'L60231KA1963PLC004604', ' estaterks@yahoo.com', ' CHIKKAKUNTANAHALLI VILLAGEBIDADI HOBLI RAMNAGARAM TALUK BANGALORE Bangalore KA 562109 IN , Ramanagara Karnataka, INDIA', '2020-06-28 16:18:26', '2020-06-28 10:48:26'),
(121, 'JITF INFRALOGISTICS LIMITED', 'L60231UP2008PLC069245', ' alok.kumar@jindalitf.com', ' A-1,UPSIDC INDUSTRIAL AREA,NANDGAON ROAD KOSI KALAN, MATHURA Uttar Pradesh Mathura UP 281403 IN , Chhata Uttar Pradesh, INDIA', '2020-06-28 16:18:27', '2020-06-28 10:48:27'),
(122, 'BCL ENTERPRISES LIMITED', 'L65100DL1985PLC021467', ' bclenterprisesltd@gmail.com', ' 510, Arunachal Building, 19, Barakhamba Road, New Delhi Central Delhi DL 110001 IN , New Delhi Delhi, INDIA', '2020-06-28 16:18:30', '2020-06-28 10:48:30'),
(123, 'MEGA CORPORATION LIMITED', 'L65100DL1985PLC092375', ' info@megacorp.ltd', ' G-155 (Basement) Kalkaji New Delhi South Delhi DL 110019 IN , New Delhi Delhi, INDIA', '2020-06-28 16:18:31', '2020-06-28 10:48:31'),
(124, 'SVAM SOFTWARE LIMITED', 'L65100DL1992PLC047327', ' svamsoftwareltd@gmail.com', ' 224, G/F Swayam Sewa, Co-Operative Housing Society Ltd., Jhilmil Delhi East Delhi DL 110032 IN , Na Delhi, INDIA', '2020-06-28 16:18:32', '2020-06-28 10:48:32'),
(125, 'BAMPSL SECURITIES LIMITED', 'L65100DL1995PLC065028', ' bampslsecurities@yahoo.co.in', ' 100-A CYCLE MARKET JHANDEWALAN EXT NEW DELHI DL 110055 IN , New Delhi Delhi, INDIA', '2020-06-28 16:18:33', '2020-06-28 10:48:33'),
(126, 'GARBI FINVEST LIMITED', 'L65100MH1982PLC295894', ' rupesh_markvision@yahoo.co.in', ' 08, RAYFREDA, 2ND FLOOR, OPP. H.P.PETROL PUMP, CHAKALA, ANDHERI (EAST), MUMBAI Mumbai City MH 400093 IN , Mumbai Maharashtra, INDIA', '2020-06-28 16:18:34', '2020-06-28 10:48:34'),
(127, 'LUHARUKA MEDIA & INFRA LIMITED', 'L65100MH1987PLC044094', ' splashmedia7@yahoo.in', ' A-301, Hetal Arch, Opposite Natraj Market S.V.Road, Malad(West) Mumbai Mumbai City MH 400064 IN , Malad West Maharashtra, INDIA', '2020-06-28 16:18:35', '2020-06-28 10:48:35'),
(128, 'KJMC FINANCIAL SERVICES LIMITED', 'L65100MH1988PLC047873', ' cosec@kjmc.com', ' 162, Atlanta 16th Floor Nariman Point Mumbai Mumbai City MH 400021 IN , Uran Maharashtra, INDIA', '2020-06-28 16:18:37', '2020-06-28 10:48:37'),
(129, 'VAS INFRASTRUCTURE LIMITED (CN)', 'L65100MH1994PLC076538', ' cs@vasinfrastructureltd.com', ' Jwala Estate, Ground Floor, Plot No. 757 and 758, Near Kora Kendra, Off S. V. Road, Borivli West Mumbai Mumbai City MH 400092 IN , Borivali West Maharashtra, INDIA', '2020-06-28 16:18:38', '2020-06-28 10:48:38'),
(130, 'JAISUKH DEALERS LIMITED', 'L65100WB2005PLC101510', ' jaisukh21@yahoo.com', ' CENTRE POINT, 21, HEMANTA BASU SARANI 2ND FLOOR, ROOM NO. 230 KOLKATA WB 700001 IN , Kolkata West Bengal, INDIA', '2020-06-28 16:18:39', '2020-06-28 10:48:39'),
(131, 'BANK OF PUNJAB LIMITED', 'L65110CH1994PLC014639', ' ', ' SCO 46 47BANK OF PUNJAB SQUARE SECTOR 9 D CHANDIGARH CH 000000 IN , Chandigarh, INDIA', '2020-06-28 16:18:40', '2020-06-28 10:48:40'),
(132, 'AXIS BANK LIMITED', 'L65110GJ1993PLC020769', ' girish.koliyote@axisbank.com', ' TRISHUL 3RD FLOOR OPP SAMARTHESHWAR TEMPLE LAW GARDEN ELLISBRIDGE AHMEDABAD GJ 380006 IN , Ahmadabad City Gujarat, INDIA', '2020-06-28 16:18:41', '2020-06-28 10:48:41'),
(133, 'JAMMU AND KASHMIR BANK LIMITED', 'L65110JK1938SGC000048', ' board.sectt@jkbmail.com', ' (CORPORATE HEADQUARTERS),M.A.ROAD,SRINA SRINAGAR JK 190001 IN , Badyar Balla Jammu & Kashmir, INDIA', '2020-06-28 16:18:42', '2020-06-28 10:48:42'),
(134, 'KOTAK MAHINDRA BANK LIMITED', 'L65110MH1985PLC038137', ' bina.chandarana@kotak.com', ' 27BKC, C 27, G Block Bandra Kurla Complex, Bandra (E), Mumbai Mumbai City MH 400051 IN , Bandra Maharashtra, INDIA', '2020-06-28 16:18:43', '2020-06-28 10:48:43'),
(135, 'HDFC LIFE INSURANCE COMPANY LIMITED', 'L65110MH2000PLC128245', ' hdfclifesecretarial@hdfclife.com', ' LODHA EXCELUS,13th FLOOR, APOLLO MILLS COMPOUND N.M. JOSHI MARG, MAHALAXMI MUMBAI MH 400011 IN , Mumbai Maharashtra, INDIA', '2020-06-28 16:18:44', '2020-06-28 10:48:44'),
(136, 'PHF LEASING LIMITED', 'L65110PB1992PLC012488', ' phf_leasingltd@yahoo.co.in', ' 923, G.T.ROAD JALANDHAR PUNJAB PB 144001 IN , Jalandhar - I Punjab, INDIA', '2020-06-28 16:18:45', '2020-06-28 10:48:45');

-- --------------------------------------------------------

--
-- Table structure for table `company_industry`
--

DROP TABLE IF EXISTS `company_industry`;
CREATE TABLE IF NOT EXISTS `company_industry` (
  `industry_id` int(11) NOT NULL,
  `company_id` int(11) NOT NULL,
  KEY `fk_company_industry_industry_idx` (`industry_id`),
  KEY `fk_company_idx` (`company_id`)
) ENGINE=InnoDB DEFAULT CHARSET=utf8;

--
-- Dumping data for table `company_industry`
--

INSERT INTO `company_industry` (`industry_id`, `company_id`) VALUES
(3, 4),
(3, 5),
(3, 6),
(3, 7),
(3, 8),
(3, 9),
(3, 10),
(3, 11),
(3, 12),
(3, 13),
(3, 14),
(3, 15),
(3, 16),
(3, 17),
(3, 18),
(4, 19),
(4, 20),
(4, 21),
(4, 22),
(4, 23),
(4, 24),
(4, 25),
(4, 26),
(4, 27),
(4, 28),
(4, 29),
(4, 30),
(4, 31),
(4, 32),
(4, 33),
(5, 34),
(5, 35),
(5, 36),
(5, 37),
(5, 38),
(5, 39),
(5, 40),
(5, 41),
(5, 42),
(5, 43),
(5, 44),
(5, 45),
(5, 46),
(5, 47),
(5, 48),
(7, 49),
(7, 50),
(7, 51),
(7, 52),
(7, 53),
(7, 54),
(7, 55),
(7, 56),
(7, 57),
(7, 58),
(7, 59),
(7, 60),
(7, 61),
(7, 62),
(7, 63),
(8, 64),
(8, 65),
(8, 66),
(8, 67),
(8, 68),
(8, 69),
(8, 70),
(8, 71),
(8, 72),
(8, 73),
(8, 74),
(8, 75),
(8, 76),
(8, 77),
(8, 78),
(9, 79),
(9, 80),
(9, 81),
(9, 82),
(9, 83),
(9, 84),
(9, 85),
(9, 86),
(9, 87),
(9, 88),
(9, 89),
(9, 90),
(9, 91),
(10, 92),
(10, 93),
(10, 94),
(10, 95),
(10, 96),
(10, 97),
(10, 98),
(10, 99),
(10, 100),
(10, 101),
(10, 102),
(10, 103),
(10, 104),
(10, 105),
(10, 106),
(11, 107),
(11, 108),
(11, 109),
(11, 110),
(11, 111),
(11, 112),
(11, 113),
(11, 114),
(11, 115),
(11, 116),
(11, 117),
(11, 118),
(11, 119),
(11, 120),
(11, 121),
(12, 122),
(12, 123),
(12, 124),
(12, 125),
(12, 126),
(12, 127),
(12, 128),
(12, 129),
(12, 130),
(12, 131),
(12, 132),
(12, 133),
(12, 134),
(12, 135),
(12, 136);

-- --------------------------------------------------------

--
-- Table structure for table `industry`
--

DROP TABLE IF EXISTS `industry`;
CREATE TABLE IF NOT EXISTS `industry` (
  `id` int(11) NOT NULL AUTO_INCREMENT,
  `name` varchar(100) DEFAULT NULL,
  `created_at` datetime DEFAULT NULL,
  `updated_at` timestamp NULL DEFAULT NULL,
  PRIMARY KEY (`id`),
  UNIQUE KEY `id_UNIQUE` (`id`)
) ENGINE=InnoDB AUTO_INCREMENT=15 DEFAULT CHARSET=utf8;

--
-- Dumping data for table `industry`
--

INSERT INTO `industry` (`id`, `name`, `created_at`, `updated_at`) VALUES
(3, 'Agriculture, forestry and fishing', '2020-06-28 14:57:33', '2020-06-28 09:27:33'),
(4, 'Mining and quarrying', '2020-06-28 15:05:13', '2020-06-28 09:35:13'),
(5, 'Manufacturing', '2020-06-28 15:05:14', '2020-06-28 09:35:14'),
(6, 'Electricity, gas, steam and air conditioning supply', '2020-06-28 16:00:33', '2020-06-28 10:30:33'),
(7, 'Water supply; sewerage, waste management and remediation activities', '2020-06-28 16:02:53', '2020-06-28 10:32:53'),
(8, 'Construction', '2020-06-28 16:03:12', '2020-06-28 10:33:12'),
(9, 'Wholesale and retail trade; repair of motor vehicles and motorcycles', '2020-06-28 16:03:31', '2020-06-28 10:33:31'),
(10, 'Transportation and storage', '2020-06-28 16:17:51', '2020-06-28 10:47:51'),
(11, 'Accommodation and Food service activities', '2020-06-28 16:18:10', '2020-06-28 10:48:10'),
(12, 'Information and communication', '2020-06-28 16:18:27', '2020-06-28 10:48:27'),
(13, 'Financial and insurance activities', '2020-06-28 16:18:45', '2020-06-28 10:48:45'),
(14, 'Real estate activities', '2020-06-29 05:22:36', '2020-06-28 23:52:36');

--
-- Constraints for dumped tables
--

--
-- Constraints for table `company_industry`
--
ALTER TABLE `company_industry`
  ADD CONSTRAINT `fk_company` FOREIGN KEY (`company_id`) REFERENCES `company` (`id`) ON DELETE NO ACTION ON UPDATE NO ACTION,
  ADD CONSTRAINT `fk_company_industry_industry` FOREIGN KEY (`industry_id`) REFERENCES `industry` (`id`) ON DELETE NO ACTION ON UPDATE NO ACTION;
COMMIT;

/*!40101 SET CHARACTER_SET_CLIENT=@OLD_CHARACTER_SET_CLIENT */;
/*!40101 SET CHARACTER_SET_RESULTS=@OLD_CHARACTER_SET_RESULTS */;
/*!40101 SET COLLATION_CONNECTION=@OLD_COLLATION_CONNECTION */;
